Sunrise Dreams;Alberto;Morning Light;Shadows of Time;Golden Horizon;Skyline;Heartbeat
Noites de Lisboa;Alberto;Rua Silenciosa;Vento Forte;Lua Cheia;Saudade;Caminho;Estrela Guia
Samba do Sol;Artur;Sol Brilhante;Ritmo do Coração;Dança do Vento;Noite Quente;Festa;Calor
Rhythm of Life;Artur;Life Moves;Pulse;City Beat;Flow;Harmony;Dreamscape;Lost & Found
Horizonte Azul;Filipe;Blue Horizon;Sail Away;Open Sky;Waves;Sea Breeze;Floating;Eternal Light
Eternal Echo;Filipe;Echoes;Shadows;Timeless;Beyond;Reflections;Memory Lane;Lost Time
Rocking Paris;Kilo;Rock On;City Lights;Midnight Ride;Electric Dreams;Freedom;Neon Nights
Chanson d'Amour;Kilo;Love Song;Coeur;Passion;Sweet Melody;Romance;Desire
Viagem Infinita;Manuel;Endless Journey;Horizontes;Vento Longe;Caminhos;Estrelas;Destino
Sunset Vibes;Manuel;Golden Hour;Twilight;Warm Breeze;Evening Glow;Sunset Drive
Mystic Roads;Mario Alberto;Mysterious Path;Shadows;Enigma;Midnight Ride;Whisper;Secret Place
Legends of Sound;Mario Alberto;Legend;Epic;Hero;Journey;Battle;Triumph;Victory
Fiesta Mexicana;João;Fiesta;Som do Sol;Dança;Alegria;Ritmo;Carnaval
Golden Nights;João;Nightfall;City Lights;Dreaming;Twilight;Silent Streets
Tango do Amanhã;Miguel;Tango Moderno;Paixão;Ritmo;Noite de Tango;Caminho;Dança
Heartbeat;Miguel;Pulse;Rhythm;Life Moves;Energy;Vibrations
Praia e Sol;Rui;Beach Vibes;Sunshine;Sand and Sea;Summer;Waves;Relax
Urban Lights;Rui;City Glow;Neon;Midnight Streets;Traffic;Pulse;Skyline
Raízes de Portugal;Pedro;Fado Antigo;Memória;Saudade;Coração;Destino
Skyline Dreams;Pedro;Dreamscape;Skyscraper;Lights;Horizon;Endless Nights
Caminhos do Vento;Carlos;Wind Paths;Open Road;Journey;Horizons;Adventure;Freedom
Electric Soul;Carlos;Voltage;Current;Pulse;Neon;Energy;Night Drive
Noite Estrelada;Francisco;Starry Night;Silent Sky;Twinkle;Galaxy;Moonlight
Beyond the Horizon;Francisco;Beyond;Future;Unknown;Expanse;Journey;Dreams
Vento do Norte;Ricardo;Northern Wind;Cold Breeze;Snowfall;Aurora;Chill;Frost
City Lights;Ricardo;Neon;Skyscrapers;Traffic;Midnight;Pulse;Vibrance
Cores da Alma;Tiago;Soul Colors;Inner Light;Emotion;Harmony;Reflection
Midnight Groove;Tiago;Groove;Beat;Rhythm;Late Night;Vibe;Pulse
Novo Amanhecer;André;New Dawn;Morning Sun;Fresh Start;Hope;Journey
Lost in Music;André;Lost;Melody;Harmony;Echoes;Dream;Rhythm
Tropical Breeze;Paulo;Summer Vibes;Beach Party;Sunshine;Dance;Tropics
Golden Horizon;Paulo;Gold;Sunset;Evening Glow;Skyline;Radiance
Ritmos da Vida;Diogo;Life Beats;Energy;Motion;Flow;Heartbeat
Silver Nights;Diogo;Silver Moon;Nightfall;Shadows;Twilight;Glimmer
Som da Terra;Bruno;Earth Sounds;Nature;Wind;Rain;River
Digital Dreams;Bruno;Virtual;Pixel;Code;Neon;Cyber
Luz e Sombra;Vítor;Light and Shadow;Contrast;Balance;Twilight;Reflection
Urban Waves;Vítor;Waves;City;Nightlife;Rhythm;Vibe
Notas do Coração;Fábio;Heart Notes;Emotion;Melody;Soul;Feeling
Cosmic Journey;Fábio;Cosmos;Starlight;Orbit;Galaxy;Nebula
